timeframe,lookback_fast,lookback_slow,top_n,vol_window,target_vol_ann,regime_threshold,breadth_threshold,gross_cap,fee_rate,train_total_return,train_sharpe,train_max_drawdown,train_active_ratio,train_monthly_hit,train_score
1d,3,14,1,5,0.6,0.02,0.5,1.5,0.0004,0.05972885996442212,1.3281279366915104,-0.041736380379384985,0.053763440860215055,0.0,10.9504423262683
1d,7,14,1,5,0.6,0.02,0.5,1.5,0.0004,0.05732227285415825,1.2384432611061555,-0.06055162756432919,0.08602150537634409,0.0,9.543706372057164
1d,3,14,1,5,0.8,0.02,0.5,1.5,0.0004,0.057305305630974246,1.166339750056401,-0.05544577319305122,0.053763440860215055,0.0,9.282223283132986
1d,7,14,1,5,0.8,0.02,0.5,1.5,0.0004,0.05771752797021401,1.1325116307490868,-0.07687731970482081,0.08602150537634409,0.0,8.318917585555276
1d,7,14,1,5,1.0,0.02,0.5,1.5,0.0004,0.05926590661691322,1.118069509220517,-0.08609289127815622,0.08602150537634409,0.0,7.986844121782252
1d,3,14,2,5,0.6,0.02,0.5,1.5,0.0004,0.042746529878827655,1.0581507579898088,-0.05096800244689981,0.053763440860215055,0.0,7.48690043116218
1d,3,14,1,5,1.0,0.02,0.5,1.5,0.0004,0.04808404272162625,0.9583978841656041,-0.06904469951080872,0.053763440860215055,0.0,6.708435978445115
1d,3,14,2,5,0.8,0.02,0.5,1.5,0.0004,0.03038604829347258,0.7268361043014961,-0.06758982802476776,0.053763440860215055,0.0,3.846296853181049
1d,7,14,2,5,0.6,0.02,0.5,1.5,0.0004,0.020520424072984378,0.5231523632058528,-0.08758393724485736,0.08602150537634409,0.0,1.070613068814497
1d,7,14,1,5,0.6,0.05,0.5,1.5,0.0004,0.0,0.0,0.0,0.0,0.0,0.0
1d,7,14,1,10,0.8,0.05,0.5,1.5,0.0004,0.0,0.0,0.0,0.0,0.0,0.0
1d,7,14,1,10,0.6,0.05,0.5,1.5,0.0004,0.0,0.0,0.0,0.0,0.0,0.0
1d,7,14,1,5,1.0,0.05,0.5,1.5,0.0004,0.0,0.0,0.0,0.0,0.0,0.0
1d,7,14,1,5,0.8,0.05,0.5,1.5,0.0004,0.0,0.0,0.0,0.0,0.0,0.0
1d,7,14,2,10,1.0,0.05,0.5,1.5,0.0004,0.0,0.0,0.0,0.0,0.0,0.0
1d,5,14,2,10,1.0,0.05,0.5,1.5,0.0004,0.0,0.0,0.0,0.0,0.0,0.0
1d,5,14,2,10,0.8,0.05,0.5,1.5,0.0004,0.0,0.0,0.0,0.0,0.0,0.0
1d,5,14,2,10,0.6,0.05,0.5,1.5,0.0004,0.0,0.0,0.0,0.0,0.0,0.0
1d,5,14,2,5,1.0,0.05,0.5,1.5,0.0004,0.0,0.0,0.0,0.0,0.0,0.0
1d,5,14,2,5,0.8,0.05,0.5,1.5,0.0004,0.0,0.0,0.0,0.0,0.0,0.0
1d,5,14,2,5,0.6,0.05,0.5,1.5,0.0004,0.0,0.0,0.0,0.0,0.0,0.0
1d,5,14,1,10,1.0,0.05,0.5,1.5,0.0004,0.0,0.0,0.0,0.0,0.0,0.0
1d,5,14,1,10,0.8,0.05,0.5,1.5,0.0004,0.0,0.0,0.0,0.0,0.0,0.0
1d,5,14,1,10,0.6,0.05,0.5,1.5,0.0004,0.0,0.0,0.0,0.0,0.0,0.0
1d,5,14,1,5,1.0,0.05,0.5,1.5,0.0004,0.0,0.0,0.0,0.0,0.0,0.0
1d,5,14,1,5,0.8,0.05,0.5,1.5,0.0004,0.0,0.0,0.0,0.0,0.0,0.0
1d,7,14,1,10,1.0,0.05,0.5,1.5,0.0004,0.0,0.0,0.0,0.0,0.0,0.0
1d,5,14,1,5,0.6,0.05,0.5,1.5,0.0004,0.0,0.0,0.0,0.0,0.0,0.0
1d,7,14,2,5,0.6,0.05,0.5,1.5,0.0004,0.0,0.0,0.0,0.0,0.0,0.0
1d,7,14,2,10,0.6,0.05,0.5,1.5,0.0004,0.0,0.0,0.0,0.0,0.0,0.0
1d,7,14,2,5,1.0,0.05,0.5,1.5,0.0004,0.0,0.0,0.0,0.0,0.0,0.0
1d,7,14,2,10,0.8,0.05,0.5,1.5,0.0004,0.0,0.0,0.0,0.0,0.0,0.0
1d,7,14,2,5,0.8,0.05,0.5,1.5,0.0004,0.0,0.0,0.0,0.0,0.0,0.0
1d,3,14,2,10,0.6,0.02,0.5,1.5,0.0004,0.011054126745918769,0.34720456749198103,-0.06988987524325296,0.053763440860215055,0.0,-0.08855511045374101
1d,7,14,1,10,1.0,0.02,0.5,1.5,0.0004,0.01966399756893722,0.4621337839304593,-0.10596458986891344,0.08602150537634409,0.0,-0.14725184604970976
1d,3,14,1,10,0.6,0.02,0.5,1.5,0.0004,0.007251620787887214,0.2837989005740861,-0.056676826676122394,0.053763440860215055,0.0,-0.19124685532549604
1d,7,14,1,10,0.6,0.02,0.5,1.5,0.0004,0.00821315814636736,0.30702934428627493,-0.07091650373884284,0.08602150537634409,0.0,-0.4906941106744408
1d,3,14,2,5,1.0,0.02,0.5,1.5,0.0004,0.012280058236076918,0.33863430494625285,-0.08397418156988656,0.053763440860215055,0.0,-0.6426070588650792
1d,3,14,1,10,0.8,0.02,0.5,1.5,0.0004,0.008766500237045838,0.28379890057408635,-0.07519316108176688,0.053763440860215055,0.0,-0.8729939586636337
1d,7,14,1,10,0.8,0.02,0.5,1.5,0.0004,0.011042939326618706,0.3306413960522672,-0.09281397971635652,0.08602150537634409,0.0,-1.0750421528074603
1d,7,14,2,5,0.8,0.02,0.5,1.5,0.0004,0.013336989839139335,0.358283354421822,-0.10251540266084902,0.08602150537634409,0.0,-1.143991342209786
1d,3,14,1,10,1.0,0.02,0.5,1.5,0.0004,0.006599227753786963,0.22517654489284586,-0.09345708599968938,0.053763440860215055,0.0,-2.2047096067022367
1d,3,14,2,10,0.8,0.02,0.5,1.5,0.0004,0.002880577056748379,0.155695030319334,-0.09247949771702713,0.053763440860215055,0.0,-2.8799907765538535
1d,7,10,2,5,0.8,0.05,0.5,1.5,0.0004,-0.00772951392652288,-0.17810825205003752,-0.032111163925658937,0.043010752688172046,0.0,-2.93645201880444
1d,7,10,2,10,0.6,0.05,0.5,1.5,0.0004,-0.009892934721602242,-0.24761843439196915,-0.033414693010450525,0.043010752688172046,0.0,-3.5590038188376556
1d,7,10,2,5,1.0,0.05,0.5,1.5,0.0004,-0.011762679613358307,-0.2719413470171543,-0.03273867093767269,0.043010752688172046,0.0,-3.8371718778641846
1d,7,10,1,10,0.6,0.05,0.5,1.5,0.0004,-0.009422631997789477,-0.5396667706371748,-0.01992694851643606,0.043010752688172046,0.0,-4.3652667254517565
1d,3,14,2,10,1.0,0.02,0.5,1.5,0.0004,-0.004425741336531619,0.021655351713644244,-0.09899389059682762,0.053763440860215055,0.0,-4.573968688501323
1d,7,10,1,5,1.0,0.05,0.5,1.5,0.0004,-0.011230690562327839,-0.49927766500174264,-0.025464078802712176,0.043010752688172046,0.0,-4.593297916610857
1d,7,10,1,10,0.8,0.05,0.5,1.5,0.0004,-0.011693226308352345,-0.49551692726153096,-0.025464078802712176,0.043010752688172046,0.0,-4.620747802512249
1d,7,10,2,10,0.8,0.05,0.5,1.5,0.0004,-0.015135935126656452,-0.3592866011293515,-0.03481107174075304,0.043010752688172046,0.0,-4.7044817358936015
1d,7,10,2,5,0.6,0.05,0.5,1.5,0.0004,-0.01334047190438059,-0.47490082765997677,-0.031880409622239814,0.043010752688172046,0.0,-4.971126750986047
1d,7,14,2,5,1.0,0.02,0.5,1.5,0.0004,-0.003117855401073566,0.044167273930002034,-0.11708900483147033,0.08602150537634409,0.0,-5.015868366368135
1d,7,10,2,10,1.0,0.05,0.5,1.5,0.0004,-0.01895618858563375,-0.45237708359673423,-0.03855500602900763,0.043010752688172046,0.0,-5.720436537099701
1d,7,10,1,10,1.0,0.05,0.5,1.5,0.0004,-0.01589297525076716,-0.6472947314140476,-0.025464078802712176,0.043010752688172046,0.0,-5.7996117175163135
1d,7,10,1,5,0.8,0.05,0.5,1.5,0.0004,-0.013990844177798833,-0.7612243770022874,-0.025464078802712176,0.043010752688172046,0.0,-6.17904683816068
1d,7,14,2,10,0.8,0.02,0.5,1.5,0.0004,-0.009114383246360047,-0.06376296264549436,-0.12254389900662577,0.08602150537634409,0.0,-6.40064257165626
1d,7,14,2,10,0.6,0.02,0.5,1.5,0.0004,-0.012313968667312492,-0.19508746703772636,-0.10478020365170426,0.08602150537634409,0.0,-6.577857344741197
1d,7,14,2,10,1.0,0.02,0.5,1.5,0.0004,-0.012339588873312213,-0.11904243157808543,-0.12605059782083639,0.08602150537634409,0.0,-7.15736192565391
1d,7,10,1,5,0.6,0.05,0.5,1.5,0.0004,-0.015218163497022652,-1.0241113357596792,-0.023901889813744748,0.043010752688172046,0.0,-7.545915059366486
1d,7,14,1,5,0.6,0.0,0.5,1.5,0.0004,-0.05724511633808127,-0.73538082066708,-0.14817431176145168,0.23655913978494625,0.25,-10.123023207269068
1d,7,14,1,5,1.0,0.0,0.5,1.5,0.0004,-0.059559903718124585,-0.5743690711064985,-0.16946537027405462,0.23655913978494625,0.25,-10.507540830537625
1d,7,14,1,5,0.8,0.0,0.5,1.5,0.0004,-0.06302347360219962,-0.6858117753693096,-0.16317950856284646,0.23655913978494625,0.25,-11.128247563254813
1d,7,14,1,10,0.6,0.0,0.5,1.5,0.0004,-0.06131381442319861,-1.1052191283434487,-0.1292404133940971,0.23655913978494625,0.25,-11.527059127631688
1d,3,14,1,5,0.6,0.05,0.5,1.5,0.0004,-0.020091257096901294,-2.0038843406872404,-0.020091257096901294,0.010752688172043012,0.0,-12.889643229798716
1d,3,14,1,5,0.8,0.05,0.5,1.5,0.0004,-0.026786394343377373,-2.0038843406872404,-0.026786394343377373,0.010752688172043012,0.0,-13.860438130537748
1d,3,14,2,5,0.6,0.05,0.5,1.5,0.0004,-0.02853945678940295,-2.002653857398433,-0.02853945678940295,0.010752688172043012,0.0,-14.108479768767422
1d,3,14,1,10,0.6,0.05,0.5,1.5,0.0004,-0.029153635961172375,-2.0038843406872404,-0.029153635961172375,0.010752688172043012,0.0,-14.203688165118024
1d,3,14,1,5,1.0,0.05,0.5,1.5,0.0004,-0.033480557363607666,-2.0038843406872404,-0.033480557363607666,0.010752688172043012,0.0,-14.83109176847114
1d,7,14,1,10,1.0,0.0,0.5,1.5,0.0004,-0.08193311254915436,-0.9049424640939396,-0.18443876639118284,0.23655913978494625,0.25,-15.071531503848576
1d,7,14,1,10,0.8,0.0,0.5,1.5,0.0004,-0.08118499360923148,-1.091003122279412,-0.16775426210330413,0.23655913978494625,0.25,-15.176220207829111
1d,3,14,2,5,0.8,0.05,0.5,1.5,0.0004,-0.03804889227928232,-2.0026538573984327,-0.03804889227928232,0.010752688172043012,0.0,-15.487347914799926
1d,3,14,1,10,0.8,0.05,0.5,1.5,0.0004,-0.03886741118920889,-2.00388434068724,-0.03886741118920889,0.010752688172043012,0.0,-15.612185573183318
1d,3,14,2,10,0.6,0.05,0.5,1.5,0.0004,-0.04093734161818352,-2.0026742284032455,-0.04093734161818352,0.010752688172043012,0.0,-15.906274923964666
1d,3,14,2,5,1.0,0.05,0.5,1.5,0.0004,-0.04755646938253422,-2.0026538573984327,-0.04755646938253422,0.010752688172043012,0.0,-16.865946594771454
1d,3,14,1,10,1.0,0.05,0.5,1.5,0.0004,-0.048579134704402116,-2.0038843406872413,-0.048579134704402116,0.010752688172043012,0.0,-17.02038548288634
1d,3,14,2,10,0.8,0.05,0.5,1.5,0.0004,-0.05457546545548375,-2.002674228403245,-0.05457546545548375,0.010752688172043012,0.0,-17.8838028803732
1d,3,14,2,10,1.0,0.05,0.5,1.5,0.0004,-0.057775366825964736,-2.0026742284032464,-0.057775366825964736,0.010752688172043012,0.0,-18.347788579092946
1d,3,10,1,10,0.6,0.02,0.5,1.5,0.0004,-0.0739115967670173,-2.182176931894593,-0.09124897423534828,0.0967741935483871,0.0,-22.02115140257182
1d,5,14,1,10,0.6,0.0,0.5,1.5,0.0004,-0.09597497339500416,-2.356511419678841,-0.15475448222757893,0.1827956989247312,0.25,-22.612823342436748
1d,3,14,1,5,0.6,0.0,0.5,1.5,0.0004,-0.12717548883141294,-1.5530464260700496,-0.17889329823712474,0.22580645161290322,0.25,-22.629753627710546
1d,7,14,2,5,0.6,0.0,0.5,1.5,0.0004,-0.12005867232897105,-1.6809031943335593,-0.19019437318215904,0.23655913978494625,0.25,-23.022893438622276
1d,3,10,1,5,0.6,0.05,0.5,1.5,0.0004,-0.04762452023785935,-3.403378669717796,-0.04762452023785935,0.03225806451612903,0.0,-23.793416525014067
1d,7,14,2,5,0.8,0.0,0.5,1.5,0.0004,-0.12444235003730486,-1.6291153008368642,-0.20372038878920395,0.23655913978494625,0.25,-23.810992444289205
1d,3,10,1,10,0.6,0.05,0.5,1.5,0.0004,-0.05615960462783065,-3.298652787992246,-0.05615960462783065,0.03225806451612903,0.0,-24.507374352932157
1d,3,10,1,5,0.6,0.02,0.5,1.5,0.0004,-0.08220360612582178,-2.479801564925436,-0.09784068545227997,0.0967741935483871,0.0,-24.63510250836841
1d,7,14,2,10,0.6,0.0,0.5,1.5,0.0004,-0.12446652261276725,-1.8904043898551783,-0.19570302285105823,0.23655913978494625,0.25,-24.759073679710454
1d,3,10,1,5,0.8,0.05,0.5,1.5,0.0004,-0.057185505643136736,-3.3885310655408873,-0.057185505643136736,0.03225806451612903,0.0,-25.105521387894747
1d,3,10,1,10,0.8,0.02,0.5,1.5,0.0004,-0.09646946004088852,-2.1511140404197673,-0.1188830178152912,0.0967741935483871,0.0,-25.365155233682245
1d,3,10,1,5,1.0,0.05,0.5,1.5,0.0004,-0.0667030281273785,-3.3402761517255746,-0.0667030281273785,0.03225806451612903,0.0,-26.244287579033237
1d,7,14,2,10,0.8,0.0,0.5,1.5,0.0004,-0.13730981003903964,-1.7610587768764288,-0.21849825981298765,0.23655913978494625,0.25,-26.422460020730767
1d,7,14,2,5,1.0,0.0,0.5,1.5,0.0004,-0.13827193044258101,-1.7786118470032277,-0.21656338871324532,0.23655913978494625,0.25,-26.519368212230496
1d,3,10,1,5,0.8,0.02,0.5,1.5,0.0004,-0.10025636827156992,-2.333686990599415,-0.12058028175874813,0.0967741935483871,0.0,-26.733087685104184
1d,3,10,1,5,1.0,0.02,0.5,1.5,0.0004,-0.10678287987404833,-2.1266117499401864,-0.13146718694950554,0.0967741935483871,0.0,-26.840273375639967
1d,5,10,1,10,0.6,0.05,0.5,1.5,0.0004,-0.07123355000449372,-3.3431437992099577,-0.07123355000449372,0.043010752688172046,0.0,-26.87254073594869
1d,3,10,1,10,1.0,0.02,0.5,1.5,0.0004,-0.11043584572202303,-2.039171882428793,-0.1350192020558343,0.0967741935483871,0.0,-26.92821130266526
1d,3,10,1,10,0.8,0.05,0.5,1.5,0.0004,-0.07350796100143508,-3.283073084715237,-0.07350796100143508,0.03225806451612903,0.0,-26.944987510719756
1d,5,10,1,5,0.6,0.05,0.5,1.5,0.0004,-0.07878365494674944,-3.17407637185519,-0.07878365494674944,0.043010752688172046,0.0,-27.121968815801928
1d,3,14,1,10,0.6,0.0,0.5,1.5,0.0004,-0.14040798312549818,-2.0494675789078256,-0.19534828298870177,0.22580645161290322,0.25,-27.175583135128914
1d,7,14,2,10,1.0,0.0,0.5,1.5,0.0004,-0.14415253763948577,-1.8133825611049947,-0.2216214829833716,0.23655913978494625,0.25,-27.508896744585485
1d,5,14,2,5,0.8,0.0,0.5,1.5,0.0004,-0.12733515965400788,-2.3963086044490725,-0.20002515416390665,0.1827956989247312,0.25,-27.985008129323024
1d,5,14,1,5,0.6,0.0,0.5,1.5,0.0004,-0.11977733646936628,-2.8204011424962703,-0.17291134556141807,0.1827956989247312,0.25,-28.12956711398287
1d,5,14,1,10,0.8,0.0,0.5,1.5,0.0004,-0.1282888070410667,-2.4205207054675397,-0.19850380676923707,0.1827956989247312,0.25,-28.132972740361115
1d,3,10,1,10,1.0,0.05,0.5,1.5,0.0004,-0.08699633358886816,-3.209308876139338,-0.08699633358886816,0.03225806451612903,0.0,-28.53198049301806
1d,3,10,2,5,0.6,0.05,0.5,1.5,0.0004,-0.0793150145680388,-3.4787880425988114,-0.0793150145680388,0.03225806451612903,0.0,-28.765585067295167
1d,5,14,2,10,0.6,0.0,0.5,1.5,0.0004,-0.12899085693055645,-2.5993252746625117,-0.1973018686804482,0.1827956989247312,0.25,-29.04311336128945
1d,3,14,1,5,1.0,0.0,0.5,1.5,0.0004,-0.1656171234947429,-1.5632539093049171,-0.23804460927972282,0.22580645161290322,0.25,-29.18676350713479
1d,3,14,1,5,0.8,0.0,0.5,1.5,0.0004,-0.16598974400223843,-1.661220845845602,-0.22720366128023473,0.22580645161290322,0.25,-29.2260175806108
1d,5,10,1,5,0.8,0.05,0.5,1.5,0.0004,-0.09831121741321602,-3.066873454152151,-0.09831121741321602,0.043010752688172046,0.0,-29.417450784924394
1d,3,14,2,5,0.8,0.0,0.5,1.5,0.0004,-0.15786783698552753,-1.9602419963411937,-0.2231829552850384,0.22580645161290322,0.25,-29.728000861633834
1d,3,14,2,5,0.6,0.0,0.5,1.5,0.0004,-0.15754819243413654,-2.047232735521752,-0.21423639368537128,0.22580645161290322,0.25,-29.72839483041251
1d,7,10,1,5,0.6,0.02,0.5,1.5,0.0004,-0.13493051435408387,-1.7694466002548692,-0.17807867400733812,0.13978494623655913,0.0,-29.794684982066716
1d,5,14,2,5,0.6,0.0,0.5,1.5,0.0004,-0.13082981877664523,-2.7647134341423207,-0.19306669093733175,0.1827956989247312,0.25,-29.863367344857135
1d,5,14,1,5,1.0,0.0,0.5,1.5,0.0004,-0.1423729415106525,-2.3128602709871235,-0.21774293879761497,0.1827956989247312,0.25,-29.868844956194614
1d,5,10,1,10,0.8,0.05,0.5,1.5,0.0004,-0.09324473012731116,-3.322872458442177,-0.09324473012731116,0.043010752688172046,0.0,-29.962805149918314
1d,5,14,2,5,1.0,0.0,0.5,1.5,0.0004,-0.14053688251447316,-2.523885803738035,-0.21212721869292384,0.1827956989247312,0.25,-30.48765931562014
1d,5,14,1,5,0.8,0.0,0.5,1.5,0.0004,-0.141406321169245,-2.651248278444596,-0.20536405643544664,0.1827956989247312,0.25,-30.90707325304366
1d,5,10,1,5,1.0,0.05,0.5,1.5,0.0004,-0.11058444073880525,-3.0164808162871735,-0.11058444073880525,0.043010752688172046,0.0,-30.94510497780994
1d,3,10,2,5,0.8,0.05,0.5,1.5,0.0004,-0.09508335947222235,-3.487073906881874,-0.09508335947222235,0.03225806451612903,0.0,-31.093424399817096
1d,3,10,2,10,0.6,0.02,0.5,1.5,0.0004,-0.12124160575308929,-2.5449798409403517,-0.14801700964858988,0.0967741935483871,0.0,-31.122728440003684
1d,5,14,1,10,1.0,0.0,0.5,1.5,0.0004,-0.14884529105753053,-2.375898664613619,-0.2251320591985303,0.1827956989247312,0.25,-31.16378229705609
1d,7,10,1,5,0.8,0.02,0.5,1.5,0.0004,-0.14830098732208585,-1.790933771340906,-0.18681960760866356,0.13978494623655913,0.0,-31.63251014635674
1d,3,10,2,10,0.6,0.05,0.5,1.5,0.0004,-0.09947082278344588,-3.4745335625570504,-0.09947082278344588,0.03225806451612903,0.0,-31.66690485832039
1d,5,10,1,10,1.0,0.05,0.5,1.5,0.0004,-0.10988793906520233,-3.2057010982285727,-0.10988793906520233,0.043010752688172046,0.0,-31.790213644844513
1d,3,10,2,5,0.8,0.02,0.5,1.5,0.0004,-0.12804191824424238,-2.5096906752750634,-0.15722135443530771,0.0967741935483871,0.0,-32.040509376194855
1d,5,10,2,5,0.6,0.05,0.5,1.5,0.0004,-0.10234817869677926,-3.4982852521388677,-0.10234817869677926,0.043010752688172046,0.0,-32.159869160974644
1d,5,14,2,10,0.8,0.0,0.5,1.5,0.0004,-0.14974249178505694,-2.6059971905438277,-0.22150199589344566,0.1827956989247312,0.25,-32.240642150730956
1d,3,14,2,5,1.0,0.0,0.5,1.5,0.0004,-0.1719865024646834,-2.1093412402234892,-0.23620658800508254,0.22580645161290322,0.25,-32.471427101362885
1d,7,10,1,5,1.0,0.02,0.5,1.5,0.0004,-0.15582663070060299,-1.7998069725338424,-0.18985741392185917,0.13978494623655913,0.0,-32.56614177426694
1d,3,14,1,10,0.8,0.0,0.5,1.5,0.0004,-0.17833426911427241,-1.977404295359687,-0.24362500745161186,0.22580645161290322,0.25,-32.78034791709659
1d,7,10,1,10,0.6,0.02,0.5,1.5,0.0004,-0.14428619811766552,-2.30944958431214,-0.16495278226526422,0.13978494623655913,0.0,-32.8396031503179
1d,5,14,2,10,1.0,0.0,0.5,1.5,0.0004,-0.15357859127895368,-2.6180096389677354,-0.2250143386492569,0.1827956989247312,0.25,-32.84236976625168
1d,3,10,2,5,0.6,0.02,0.5,1.5,0.0004,-0.12645416461325532,-2.791633468852851,-0.15014034758279737,0.0967741935483871,0.0,-32.972802672622116
1d,3,10,2,5,1.0,0.02,0.5,1.5,0.0004,-0.13682613521352638,-2.4707859072611016,-0.16571161404138046,0.0967741935483871,0.0,-33.106468915326715
1d,3,10,2,5,1.0,0.05,0.5,1.5,0.0004,-0.11071589256183045,-3.4522503258319412,-0.11071589256183045,0.03225806451612903,0.0,-33.186023792560604
1d,3,14,1,10,1.0,0.0,0.5,1.5,0.0004,-0.18439571508362784,-1.83691903905111,-0.2566183590072991,0.22580645161290322,0.25,-33.26876705249518
1d,5,10,2,5,0.8,0.05,0.5,1.5,0.0004,-0.10917943069440394,-3.5749465919549275,-0.10917943069440394,0.043010752688172046,0.0,-33.53370739971052
1d,3,14,2,10,0.6,0.0,0.5,1.5,0.0004,-0.17177237125732758,-2.3615987116117423,-0.23277704371011587,0.22580645161290322,0.25,-33.55697184429507
1d,5,10,2,10,0.6,0.05,0.5,1.5,0.0004,-0.10819075455441207,-3.6146449499315794,-0.10819075455441207,0.043010752688172046,0.0,-33.58884114929496
1d,3,10,2,10,0.8,0.05,0.5,1.5,0.0004,-0.12098773520046768,-3.428526532577691,-0.12098773520046768,0.03225806451612903,0.0,-34.55682200889175
1d,5,10,2,5,1.0,0.05,0.5,1.5,0.0004,-0.11585689774211172,-3.604766801172789,-0.11585689774211172,0.043010752688172046,0.0,-34.65104116771746
1d,3,10,2,10,0.8,0.02,0.5,1.5,0.0004,-0.1466619932501132,-2.5501520443127,-0.17539787773883142,0.0967741935483871,0.0,-34.92276727062868
1d,7,10,1,10,0.8,0.02,0.5,1.5,0.0004,-0.16080617284073018,-2.2143204794246314,-0.18700205203012787,0.13978494623655913,0.0,-35.00817223760569
1d,3,14,2,10,0.8,0.0,0.5,1.5,0.0004,-0.18550091321601403,-2.2561267769287716,-0.24939977401567304,0.22580645161290322,0.25,-35.150489230498934
1d,3,10,2,10,1.0,0.05,0.5,1.5,0.0004,-0.12703532303490783,-3.4154882645615228,-0.12703532303490783,0.03225806451612903,0.0,-35.36853090480473
1d,5,10,2,10,0.8,0.05,0.5,1.5,0.0004,-0.1236710527221121,-3.5704151554456596,-0.1236710527221121,0.043010752688172046,0.0,-35.61233541118186
1d,5,10,2,10,1.0,0.05,0.5,1.5,0.0004,-0.12656068727475733,-3.5754754789611973,-0.12656068727475733,0.043010752688172046,0.0,-36.056634038893115
1d,7,10,2,5,0.6,0.02,0.5,1.5,0.0004,-0.1669213407660337,-2.2194301647543093,-0.20377818175857465,0.13978494623655913,0.0,-36.400163294564535
1d,3,10,2,10,1.0,0.02,0.5,1.5,0.0004,-0.15527498304413612,-2.6282219129000652,-0.18372082785588495,0.0967741935483871,0.0,-36.54894834823521
1d,3,14,2,10,1.0,0.0,0.5,1.5,0.0004,-0.19325693866701654,-2.319272855379031,-0.25654732586775575,0.22580645161290322,0.25,-36.5634620011942
1d,7,10,1,10,1.0,0.02,0.5,1.5,0.0004,-0.17450825764064537,-2.151505506134018,-0.20311002704841552,0.13978494623655913,0.0,-36.78916472696709
1d,7,10,2,5,0.8,0.02,0.5,1.5,0.0004,-0.17309411774948258,-2.189204939880394,-0.21059609899707,0.13978494623655913,0.0,-37.17312114427214
1d,7,10,2,10,0.6,0.02,0.5,1.5,0.0004,-0.17236565468813747,-2.372484356907384,-0.19901905840448253,0.13978494623655913,0.0,-37.495705096606144
1d,5,14,1,10,0.6,0.02,0.5,1.5,0.0004,-0.12217291860351875,-4.275876486371408,-0.12217291860351875,0.08602150537634409,0.0,-38.750369607861884
1d,7,10,2,5,1.0,0.02,0.5,1.5,0.0004,-0.18448198616040512,-2.2886429546977483,-0.22146750279362315,0.13978494623655913,0.0,-39.29831123029605
1d,5,14,1,5,0.6,0.02,0.5,1.5,0.0004,-0.13264940655316448,-4.23599519919425,-0.13264940655316448,0.08602150537634409,0.0,-40.070053924674724
1d,7,10,2,10,0.8,0.02,0.5,1.5,0.0004,-0.19158219599096415,-2.3670143435836026,-0.2214993281377089,0.13978494623655913,0.0,-40.40162129826509
1d,7,10,2,10,1.0,0.02,0.5,1.5,0.0004,-0.19342192645507128,-2.3629096433861463,-0.22501578598146044,0.13978494623655913,0.0,-40.72331144665734
1d,5,14,2,5,0.6,0.02,0.5,1.5,0.0004,-0.1440306246181291,-4.258748111423696,-0.1440306246181291,0.08602150537634409,0.0,-41.83409510524182
1d,3,10,1,10,0.6,0.0,0.5,1.5,0.0004,-0.2004527188447568,-2.6908283799209376,-0.21999464896325482,0.24731182795698925,0.0,-42.40992567559888
1d,5,14,2,10,0.6,0.02,0.5,1.5,0.0004,-0.14950926576775814,-4.235298294761249,-0.14950926576775814,0.08602150537634409,0.0,-42.51124898862581
1d,7,10,1,5,0.6,0.0,0.5,1.5,0.0004,-0.20710663728677614,-2.571102890978608,-0.2428959329822754,0.23655913978494625,0.0,-43.550258608633264
1d,5,14,2,5,0.8,0.02,0.5,1.5,0.0004,-0.15690550671187675,-4.25121221636347,-0.15690550671187675,0.08602150537634409,0.0,-43.66327353353411
1d,7,10,1,5,1.0,0.0,0.5,1.5,0.0004,-0.2128026096628961,-2.269431782828638,-0.2703477220059006,0.23655913978494625,0.0,-43.84683081155854
1d,5,14,1,10,0.8,0.02,0.5,1.5,0.0004,-0.15928706574426177,-4.259714979603357,-0.15928706574426177,0.08602150537634409,0.0,-44.05111340942937
1d,7,10,1,10,0.6,0.0,0.5,1.5,0.0004,-0.19792877794078445,-2.914118684660772,-0.23792689121014687,0.23655913978494625,0.0,-44.12394476269913
1d,5,14,1,5,0.8,0.02,0.5,1.5,0.0004,-0.16390166652330795,-4.153358041049684,-0.16390166652330795,0.08602150537634409,0.0,-44.1884458296227
1d,7,10,1,5,0.8,0.0,0.5,1.5,0.0004,-0.21365826323453962,-2.4123239357839865,-0.26044049046603834,0.23655913978494625,0.0,-44.20103151420584
1d,5,14,2,5,1.0,0.02,0.5,1.5,0.0004,-0.1702904640775984,-4.212394765761139,-0.1702904640775984,0.08602150537634409,0.0,-45.410005098552084
1d,5,14,2,10,0.8,0.02,0.5,1.5,0.0004,-0.17901279424356686,-4.165873699972017,-0.17901279424356686,0.08602150537634409,0.0,-46.4421376436719
1d,5,14,1,5,1.0,0.02,0.5,1.5,0.0004,-0.18256873805464535,-4.0989221606513775,-0.18256873805464535,0.08602150537634409,0.0,-46.62299179967509
1d,7,10,1,10,0.8,0.0,0.5,1.5,0.0004,-0.22061797317290077,-2.7348587733512386,-0.27178351244318144,0.23655913978494625,0.0,-47.02011268484966
1d,3,10,1,5,0.6,0.0,0.5,1.5,0.0004,-0.238546883667885,-2.6731717162334836,-0.2508314200935413,0.24731182795698925,0.0,-47.518713540337316
1d,5,14,2,10,1.0,0.02,0.5,1.5,0.0004,-0.18561518596519755,-4.223093749952851,-0.18561518596519755,0.08602150537634409,0.0,-47.68558469321252
1d,7,10,1,10,1.0,0.0,0.5,1.5,0.0004,-0.22921345679022964,-2.563726596337842,-0.28692601855763467,0.23655913978494625,0.0,-47.70541293666595
1d,7,10,2,5,0.8,0.0,0.5,1.5,0.0004,-0.22836775743896676,-2.6724710124111968,-0.27918967156206187,0.23655913978494625,0.0,-47.816429467105664
1d,5,14,1,10,1.0,0.02,0.5,1.5,0.0004,-0.19059624966987632,-4.169378504652314,-0.19059624966987632,0.08602150537634409,0.0,-48.13926270388826
1d,7,10,2,5,0.6,0.0,0.5,1.5,0.0004,-0.22932014797522238,-2.8397973841954243,-0.27284521465575584,0.23655913978494625,0.0,-48.46279981886859
1d,5,10,1,10,0.6,0.02,0.5,1.5,0.0004,-0.19228842165825233,-4.359960404171139,-0.19228842165825233,0.10752688172043011,0.0,-49.25151563442057
1d,3,10,1,10,0.8,0.0,0.5,1.5,0.0004,-0.25103218740844924,-2.5745529883935747,-0.2750087495438248,0.24731182795698925,0.0,-49.36213010045695
1d,7,10,2,10,0.6,0.0,0.5,1.5,0.0004,-0.23285640390272733,-2.9463227440870394,-0.2790741093457435,0.23655913978494625,0.0,-49.629352472126605
1d,7,10,2,5,1.0,0.0,0.5,1.5,0.0004,-0.2385334279536876,-2.7487199112764276,-0.2891164278540167,0.23655913978494625,0.0,-49.66094504604187
1d,7,10,2,10,0.8,0.0,0.5,1.5,0.0004,-0.24552257994819915,-2.819891055730091,-0.29578761386425534,0.23655913978494625,0.0,-51.015919338222076
1d,7,10,2,10,1.0,0.0,0.5,1.5,0.0004,-0.24731629643770148,-2.8157378932185346,-0.29746182880502425,0.23655913978494625,0.0,-51.24986484694912
1d,3,10,1,5,1.0,0.0,0.5,1.5,0.0004,-0.27160261640905825,-2.393502921592532,-0.2932395113157681,0.24731182795698925,0.0,-51.33430694625009
1d,3,10,1,10,1.0,0.0,0.5,1.5,0.0004,-0.2700606173721659,-2.4210981886530307,-0.294055172566824,0.24731182795698925,0.0,-51.35478813416086
1d,3,10,1,5,0.8,0.0,0.5,1.5,0.0004,-0.2788318472116069,-2.642745853819215,-0.2939891809052495,0.24731182795698925,0.0,-53.33717981916504
1d,5,10,1,5,0.6,0.02,0.5,1.5,0.0004,-0.21539738046548906,-4.686098305526421,-0.21539738046548906,0.10752688172043011,0.0,-54.2330041682463
1d,5,10,1,10,0.8,0.02,0.5,1.5,0.0004,-0.22897855255820465,-4.512604071309316,-0.22897855255820465,0.10752688172043011,0.0,-55.334802950604534
1d,3,10,2,5,0.8,0.0,0.5,1.5,0.0004,-0.29818988201664975,-3.000394426205303,-0.3165783108149589,0.24731182795698925,0.0,-58.07773700753668
1d,3,10,2,5,1.0,0.0,0.5,1.5,0.0004,-0.3027553967296963,-2.979471633283898,-0.32144074509415044,0.24731182795698925,0.0,-58.64848405679793
1d,5,10,2,10,0.6,0.02,0.5,1.5,0.0004,-0.24691400351088366,-4.6623935859974805,-0.24691400351088366,0.10752688172043011,0.0,-58.68439091218381
1d,5,10,1,10,0.6,0.0,0.5,1.5,0.0004,-0.24213333393560543,-4.578203841181427,-0.2799270309523022,0.24731182795698925,0.0,-58.711821680493316
1d,5,10,2,5,0.6,0.02,0.5,1.5,0.0004,-0.24801564603999404,-4.723101160818045,-0.24801564603999404,0.10752688172043011,0.0,-59.147666953007636
1d,5,10,1,5,0.8,0.02,0.5,1.5,0.0004,-0.24873688319280307,-4.743601454945994,-0.24873688319280307,0.10752688172043011,0.0,-59.354747810804696
1d,3,10,2,10,0.6,0.0,0.5,1.5,0.0004,-0.30179446475531335,-3.341233437113898,-0.32134276180457566,0.24731182795698925,0.0,-60.35679063047877
1d,5,10,2,5,0.8,0.02,0.5,1.5,0.0004,-0.2582349653621949,-4.674667048638957,-0.2582349653621949,0.10752688172043011,0.0,-60.387297693831336
1d,5,10,1,5,1.0,0.02,0.5,1.5,0.0004,-0.2597619109015171,-4.630896941476683,-0.2597619109015171,0.10752688172043011,0.0,-60.389854261221686
1d,3,10,2,5,0.6,0.0,0.5,1.5,0.0004,-0.3093135872787418,-3.2931605490033995,-0.31687837367602056,0.24731182795698925,0.0,-60.667440976484144
1d,5,10,1,10,1.0,0.02,0.5,1.5,0.0004,-0.2604090881913693,-4.670963391238102,-0.2604090881913693,0.10752688172043011,0.0,-60.68402721705734
1d,3,10,2,10,1.0,0.0,0.5,1.5,0.0004,-0.3181892412566555,-3.0638272667282336,-0.33651662418366834,0.24731182795698925,0.0,-61.29206123574383
1d,3,10,2,10,0.8,0.0,0.5,1.5,0.0004,-0.317866677123538,-3.1816027962118376,-0.3362307742738022,0.24731182795698925,0.0,-61.83581922390613
1d,5,10,2,5,1.0,0.02,0.5,1.5,0.0004,-0.2707446713881807,-4.750781135058986,-0.2707446713881807,0.10752688172043011,0.0,-62.58177549969941
1d,5,10,2,10,0.8,0.02,0.5,1.5,0.0004,-0.27425032665253735,-4.775109415853286,-0.27425032665253735,0.10752688172043011,0.0,-63.211736917002625
1d,5,10,2,10,1.0,0.02,0.5,1.5,0.0004,-0.28038929625647624,-4.835490301561023,-0.28038929625647624,0.10752688172043011,0.0,-64.40379193811245
1d,5,10,1,10,0.8,0.0,0.5,1.5,0.0004,-0.2848862603222838,-4.508874245964925,-0.3318326599963354,0.24731182795698925,0.0,-64.97621965006014
1d,5,10,1,5,0.6,0.0,0.5,1.5,0.0004,-0.286711152221665,-5.167210072752148,-0.31890729194225165,0.24731182795698925,0.0,-67.86874641150061
1d,5,10,2,10,0.6,0.0,0.5,1.5,0.0004,-0.30057502363788724,-4.777647988958794,-0.34048588520874223,0.24731182795698925,0.0,-68.27835983114814
1d,5,10,1,10,1.0,0.0,0.5,1.5,0.0004,-0.3098924366204351,-4.504490520819172,-0.36156416821533566,0.24731182795698925,0.0,-68.79283652400152
1d,5,10,1,5,1.0,0.0,0.5,1.5,0.0004,-0.31328795499048234,-4.5773905648369135,-0.3634874630966317,0.24731182795698925,0.0,-69.58343685075327
1d,5,10,2,5,0.8,0.0,0.5,1.5,0.0004,-0.31661757502314136,-4.753286568785287,-0.3617527321200661,0.24731182795698925,0.0,-70.7178159798156
1d,5,10,1,5,0.8,0.0,0.5,1.5,0.0004,-0.3132930773042004,-4.95762887616509,-0.35414768007670994,0.24731182795698925,0.0,-71.06485040286948
1d,5,10,2,10,0.8,0.0,0.5,1.5,0.0004,-0.3219992847326507,-4.694760077051518,-0.36803595988484306,0.24731182795698925,0.0,-71.24609974151265
1d,5,10,2,5,1.0,0.0,0.5,1.5,0.0004,-0.32521810211073154,-4.771705334783212,-0.3704266832451629,0.24731182795698925,0.0,-72.06029031919358
1d,5,10,2,10,1.0,0.0,0.5,1.5,0.0004,-0.32726929529530857,-4.738558647157885,-0.37294813341450295,0.24731182795698925,0.0,-72.21314145714496
1d,5,10,2,5,0.6,0.0,0.5,1.5,0.0004,-0.31883936298643867,-5.129469827614165,-0.3539419931230945,0.24731182795698925,0.0,-72.469427815426
